error_avg,after_first_cycle
0.673144,1
0.673144,1
0.673144,1
0.673144,1
0.673144,1
0.673144,1
